FAULT_DISTANCE,BASIC_WIND_SPEED,SLOPE,ELEVATION,POTENTIAL_LIQUEFACTION,DISTANCE_TO_RIVERS_AND_SEAS,SURFACE_RUN_OFF,VERTICAL_IRREGUARITY,BUILDING_PROXIMITY,NUMBER_OF_BAYS,COLUMN_SPACING,MAXIMUM_CRACK,ROOF_SLOPE,ROOF_DESIGN,ROOF_FASTENER_DISTANCE,risk
46.5,147.16,5.74,116.33,MEDIUM,17.31,GOOD,NO,MODERATE,5,5.83,0.07,30.91,GABLE,9.3,LOW
12.62,181.23,2.42,45.84,LOW,2.03,GOOD,NO,MODERATE,5,5.16,0.17,34.37,HIP,14.67,LOW
0.97,225.99,26.19,12.54,HIGH,0.29,MODERATE,YES,CLOSE,3,8.29,3.54,6.78,FLAT,27.66,HIGH
38.49,164.13,6.84,165.0,MEDIUM,16.09,GOOD,YES,MODERATE,8,3.67,1.3,10.32,GABLE,13.76,LOW
4.37,241.37,30.35,6.25,HIGH,1.53,POOR,YES,CLOSE,5,8.37,5.55,15.48,GABLE,29.84,HIGH
14.94,201.6,14.08,15.29,MEDIUM,4.58,POOR,NO,CLOSE,2,6.75,2.99,20.23,FLAT,18.31,MEDIUM
3.27,304.09,28.38,1.85,HIGH,1.24,POOR,NO,MODERATE,2,9.13,10.02,3.91,FLAT,24.46,HIGH
7.57,243.97,41.12,5.48,MEDIUM,1.1,MODERATE,YES,MODERATE,2,9.63,7.0,15.24,FLAT,29.94,HIGH
6.14,269.31,44.12,11.98,HIGH,1.18,MODERATE,YES,CLOSE,4,9.9,10.46,7.46,FLAT,28.14,HIGH
0.57,316.11,20.44,14.27,HIGH,0.81,POOR,YES,CLOSE,3,7.03,11.5,17.99,FLAT,20.43,HIGH
12.97,181.43,5.06,60.02,MEDIUM,5.85,GOOD,YES,MODERATE,2,5.34,3.35,9.18,GABLE,12.98,MEDIUM
40.38,184.64,6.88,59.79,LOW,9.04,MODERATE,YES,FAR,8,5.99,0.97,17.39,HIP,8.81,LOW
7.34,201.2,18.34,23.74,LOW,6.68,MODERATE,YES,FAR,3,6.57,3.89,24.82,GABLE,14.88,MEDIUM
5.33,314.08,35.72,15.78,HIGH,0.54,POOR,YES,MODERATE,3,9.61,9.32,10.7,FLAT,28.29,HIGH
32.23,187.75,1.68,196.22,LOW,7.21,GOOD,YES,FAR,5,5.91,1.57,32.97,GABLE,14.07,LOW
4.67,221.4,21.51,3.83,HIGH,0.38,MODERATE,YES,MODERATE,1,9.7,11.32,17.03,GABLE,22.4,HIGH
47.78,152.34,6.59,149.71,MEDIUM,8.08,MODERATE,NO,FAR,4,3.61,1.28,24.42,FLAT,9.48,LOW
7.4,224.03,5.66,17.82,LOW,4.96,POOR,NO,MODERATE,8,4.51,4.08,6.28,FLAT,13.1,MEDIUM
5.1,248.57,19.37,68.6,LOW,5.34,GOOD,YES,CLOSE,3,7.45,4.66,12.01,GABLE,17.5,MEDIUM
29.42,193.13,3.58,31.4,MEDIUM,9.16,GOOD,NO,MODERATE,7,4.31,0.57,23.68,HIP,11.96,LOW
6.73,301.19,44.51,2.5,HIGH,1.88,POOR,YES,CLOSE,1,9.03,9.28,14.18,FLAT,19.08,HIGH
6.8,192.61,15.29,66.98,MEDIUM,2.51,GOOD,NO,MODERATE,7,4.87,2.42,17.84,HIP,12.99,MEDIUM
16.45,187.04,14.22,52.51,HIGH,4.0,GOOD,YES,MODERATE,2,5.87,3.92,28.75,FLAT,17.57,MEDIUM
1.6,238.04,38.77,0.58,HIGH,0.51,POOR,YES,CLOSE,5,8.74,7.39,0.21,FLAT,28.46,HIGH
2.59,318.19,19.93,1.23,HIGH,1.34,MODERATE,YES,MODERATE,1,9.91,11.83,15.98,GABLE,23.03,HIGH
3.55,245.53,42.39,14.44,MEDIUM,1.43,MODERATE,NO,CLOSE,1,8.6,11.38,14.71,FLAT,23.73,HIGH
10.69,188.06,10.42,69.64,MEDIUM,4.84,MODERATE,YES,CLOSE,6,5.2,1.74,15.6,FLAT,17.01,MEDIUM
7.78,289.37,24.96,12.71,MEDIUM,0.67,MODERATE,YES,CLOSE,3,6.07,11.25,8.98,FLAT,24.04,HIGH
33.43,185.34,8.49,141.87,MEDIUM,7.97,MODERATE,NO,FAR,8,3.63,0.87,30.97,GABLE,12.24,LOW
2.75,232.07,19.24,8.3,MEDIUM,0.77,POOR,YES,CLOSE,5,6.16,4.35,16.95,GABLE,27.33,HIGH
19.42,254.9,7.38,59.62,MEDIUM,2.77,POOR,YES,MODERATE,4,7.11,4.45,10.44,GABLE,12.36,MEDIUM
16.01,216.86,6.36,169.17,MEDIUM,4.75,GOOD,YES,MODERATE,10,4.66,1.65,24.81,GABLE,13.96,LOW
3.32,318.5,27.84,17.14,HIGH,1.88,POOR,YES,CLOSE,4,8.69,6.87,10.45,FLAT,19.43,HIGH
16.35,244.44,11.58,19.47,HIGH,3.51,MODERATE,YES,MODERATE,5,6.47,3.24,18.57,FLAT,11.9,MEDIUM
11.57,213.57,7.5,36.05,HIGH,3.46,GOOD,NO,CLOSE,8,7.02,3.6,22.18,GABLE,14.51,MEDIUM
22.01,180.05,1.79,184.27,MEDIUM,7.37,MODERATE,YES,FAR,5,4.43,0.32,33.84,FLAT,14.43,LOW
5.58,298.26,16.86,16.05,HIGH,0.64,MODERATE,YES,CLOSE,1,8.71,8.25,5.9,GABLE,22.82,HIGH
7.5,271.39,37.99,3.66,HIGH,1.22,POOR,NO,CLOSE,3,9.31,9.32,6.02,GABLE,19.15,HIGH
30.9,147.2,3.93,102.3,LOW,5.87,GOOD,NO,FAR,7,4.74,1.76,26.36,GABLE,10.0,LOW
23.37,166.91,8.28,115.82,MEDIUM,12.13,GOOD,NO,MODERATE,8,5.18,1.96,24.59,FLAT,14.1,LOW
11.13,188.53,11.39,48.9,LOW,6.98,GOOD,YES,FAR,4,7.47,2.59,10.09,HIP,17.84,MEDIUM
7.19,238.56,19.09,8.03,HIGH,2.62,GOOD,YES,MODERATE,2,6.34,3.07,24.79,FLAT,14.7,MEDIUM
6.95,217.66,15.13,12.94,MEDIUM,1.6,GOOD,NO,FAR,6,7.12,3.52,22.25,FLAT,16.16,MEDIUM
12.57,232.6,13.01,49.99,LOW,7.32,POOR,YES,CLOSE,5,6.67,2.72,23.15,HIP,12.41,MEDIUM
17.24,170.7,1.86,134.39,MEDIUM,18.54,GOOD,YES,FAR,10,4.22,0.37,31.05,FLAT,8.38,LOW
7.38,256.14,36.2,0.57,MEDIUM,1.31,POOR,NO,CLOSE,2,7.02,8.62,19.04,FLAT,18.15,HIGH
6.7,242.3,19.07,57.21,MEDIUM,3.75,GOOD,YES,MODERATE,3,5.59,4.59,27.39,FLAT,10.9,MEDIUM
10.64,252.58,12.75,31.47,LOW,4.41,GOOD,NO,FAR,3,5.54,1.92,17.86,FLAT,12.12,MEDIUM
17.6,143.7,9.84,130.03,LOW,10.2,MODERATE,YES,FAR,9,4.74,0.49,26.4,HIP,14.25,LOW
2.34,239.31,15.71,1.84,MEDIUM,1.33,POOR,NO,MODERATE,1,8.83,4.52,17.13,FLAT,22.51,HIGH
1.34,249.21,28.25,10.12,MEDIUM,1.75,POOR,NO,CLOSE,3,9.28,4.55,4.04,GABLE,27.23,HIGH
7.81,240.22,18.82,13.84,HIGH,0.6,POOR,YES,CLOSE,4,6.68,6.42,17.73,FLAT,27.47,HIGH
2.81,284.61,24.79,11.87,MEDIUM,1.08,MODERATE,YES,CLOSE,3,8.27,11.14,6.13,GABLE,20.72,HIGH
16.1,196.99,4.44,181.87,LOW,12.95,GOOD,NO,MODERATE,8,4.45,1.19,17.37,FLAT,12.24,LOW
0.6,254.52,29.59,10.53,HIGH,0.97,MODERATE,NO,MODERATE,3,7.81,6.63,13.47,FLAT,20.26,HIGH
6.12,219.33,8.61,77.76,MEDIUM,4.55,POOR,YES,CLOSE,8,4.82,2.84,25.03,FLAT,10.88,MEDIUM
1.04,305.23,18.31,7.39,HIGH,0.13,POOR,YES,CLOSE,3,9.96,6.08,9.72,FLAT,19.71,HIGH
7.1,290.08,41.21,14.43,HIGH,1.82,POOR,YES,MODERATE,5,9.68,9.45,8.92,FLAT,28.65,HIGH
0.43,271.23,25.09,9.02,HIGH,0.85,POOR,YES,CLOSE,4,6.1,7.25,5.31,FLAT,22.31,HIGH
5.37,297.01,22.72,15.61,HIGH,1.57,POOR,YES,CLOSE,1,7.03,10.41,3.56,FLAT,23.9,HIGH
7.34,231.66,18.94,0.35,HIGH,0.66,POOR,YES,CLOSE,5,8.09,11.75,3.44,GABLE,18.35,HIGH
30.48,158.12,1.38,33.89,LOW,11.14,MODERATE,YES,FAR,8,5.69,1.24,24.93,HIP,9.14,LOW
3.49,283.61,42.63,15.26,MEDIUM,0.42,MODERATE,YES,CLOSE,3,6.99,8.85,5.6,FLAT,28.22,HIGH
14.29,199.66,9.43,35.9,HIGH,1.43,GOOD,YES,MODERATE,5,4.7,4.54,18.15,HIP,19.94,MEDIUM
6.26,254.53,10.85,22.2,LOW,4.1,MODERATE,NO,FAR,8,4.6,1.14,13.92,FLAT,18.64,MEDIUM
32.62,173.06,1.88,85.12,LOW,13.26,GOOD,NO,MODERATE,5,5.82,0.88,27.46,HIP,8.2,LOW
19.13,184.05,18.86,37.49,HIGH,4.47,GOOD,YES,MODERATE,4,4.75,1.75,12.0,GABLE,10.35,MEDIUM
7.41,314.03,44.11,7.46,HIGH,0.65,MODERATE,YES,CLOSE,1,9.97,4.56,18.64,FLAT,20.33,HIGH
2.3,291.35,32.46,5.46,MEDIUM,1.89,POOR,YES,MODERATE,5,9.8,11.89,10.23,FLAT,27.22,HIGH
32.69,191.81,9.08,168.79,LOW,3.07,GOOD,YES,MODERATE,10,3.81,1.38,27.49,GABLE,11.5,LOW
4.21,243.67,17.19,12.0,HIGH,1.54,MODERATE,YES,MODERATE,1,6.34,4.02,0.67,GABLE,28.68,HIGH
6.92,222.06,11.35,75.47,MEDIUM,4.52,GOOD,NO,CLOSE,2,6.44,2.84,22.23,GABLE,16.74,MEDIUM
17.0,239.08,12.09,5.73,HIGH,4.5,POOR,YES,CLOSE,4,4.88,4.43,6.19,GABLE,16.91,MEDIUM
17.23,198.1,19.45,39.11,HIGH,5.02,GOOD,NO,CLOSE,6,4.37,1.29,12.36,GABLE,18.03,MEDIUM
16.99,252.4,7.31,30.51,HIGH,6.13,POOR,YES,CLOSE,3,6.69,1.39,29.56,HIP,16.77,MEDIUM
17.68,215.22,6.09,96.19,LOW,6.28,GOOD,NO,FAR,9,5.1,1.25,11.57,GABLE,12.18,LOW
14.11,208.75,1.67,48.32,LOW,18.1,MODERATE,YES,FAR,6,5.35,0.01,31.47,HIP,9.71,LOW
1.08,275.94,20.77,12.37,MEDIUM,1.53,MODERATE,NO,CLOSE,4,8.01,3.66,13.17,FLAT,29.55,HIGH
12.23,200.63,10.74,64.15,MEDIUM,5.74,MODERATE,YES,CLOSE,4,5.81,1.04,25.8,GABLE,12.87,MEDIUM
44.36,217.15,6.03,47.07,LOW,12.49,GOOD,NO,MODERATE,9,3.82,1.42,12.12,FLAT,10.64,LOW
49.35,150.38,8.84,31.83,LOW,19.99,MODERATE,NO,MODERATE,9,5.56,0.15,34.31,FLAT,8.52,LOW
34.64,177.44,2.51,119.58,LOW,14.25,GOOD,YES,MODERATE,8,3.78,0.87,21.34,FLAT,14.13,LOW
32.69,182.55,8.23,64.55,LOW,4.79,GOOD,YES,FAR,3,5.52,0.84,29.15,HIP,9.68,LOW
28.22,193.21,3.74,47.48,LOW,3.21,GOOD,NO,MODERATE,4,5.36,0.75,13.25,HIP,12.11,LOW
5.28,315.09,24.75,14.63,MEDIUM,1.82,MODERATE,YES,CLOSE,1,9.21,5.91,15.96,FLAT,24.57,HIGH
6.76,299.23,26.73,16.47,HIGH,0.86,POOR,NO,MODERATE,4,7.83,11.24,3.67,FLAT,22.72,HIGH
0.61,269.16,43.61,1.04,HIGH,1.88,POOR,YES,CLOSE,5,8.2,10.26,4.09,FLAT,23.11,HIGH
4.76,263.97,43.73,3.62,HIGH,1.96,POOR,YES,MODERATE,2,7.63,9.97,6.29,GABLE,19.32,HIGH
38.58,158.73,6.55,146.67,LOW,5.84,GOOD,NO,FAR,10,3.52,1.39,30.43,GABLE,12.86,LOW
4.86,229.26,22.65,4.8,HIGH,0.22,POOR,YES,CLOSE,4,7.14,9.9,13.08,FLAT,21.58,HIGH
0.72,287.68,27.08,11.18,HIGH,1.75,MODERATE,YES,MODERATE,4,9.99,9.36,18.96,GABLE,27.89,HIGH
15.51,255.8,13.45,47.23,MEDIUM,6.86,GOOD,YES,MODERATE,5,4.13,1.22,20.04,GABLE,15.26,MEDIUM
47.12,194.75,2.8,117.75,MEDIUM,2.59,GOOD,NO,FAR,5,5.38,1.43,19.96,HIP,10.09,LOW
14.08,211.64,18.32,63.57,LOW,6.24,POOR,YES,CLOSE,3,4.64,1.09,23.19,HIP,12.52,MEDIUM
3.34,306.02,42.33,12.68,HIGH,0.57,POOR,NO,CLOSE,3,8.75,5.51,4.77,FLAT,20.3,HIGH
31.81,190.14,2.75,33.95,LOW,6.22,GOOD,NO,FAR,5,3.88,0.77,13.82,HIP,8.45,LOW
7.93,264.57,39.74,12.1,HIGH,1.08,MODERATE,YES,CLOSE,4,8.3,9.77,5.76,GABLE,22.16,HIGH
5.37,265.84,35.34,17.49,HIGH,1.5,POOR,YES,CLOSE,2,7.96,3.66,18.14,FLAT,20.91,HIGH
6.63,231.64,6.23,26.05,MEDIUM,7.24,MODERATE,YES,FAR,7,4.27,1.3,5.47,HIP,16.32,MEDIUM
8.33,197.87,18.07,36.54,LOW,3.6,POOR,YES,CLOSE,8,4.41,1.21,20.86,HIP,19.44,MEDIUM
18.26,140.17,3.9,186.77,LOW,7.13,MODERATE,YES,MODERATE,5,3.97,0.44,11.46,FLAT,11.8,LOW
16.16,196.25,18.03,69.53,HIGH,6.81,POOR,YES,FAR,6,6.58,1.79,23.12,GABLE,12.94,MEDIUM
18.44,242.28,5.88,79.36,LOW,6.37,MODERATE,NO,MODERATE,3,6.3,2.07,25.41,HIP,10.56,MEDIUM
7.66,234.61,7.8,18.03,MEDIUM,3.64,GOOD,YES,FAR,4,4.46,3.34,11.38,FLAT,14.66,MEDIUM
15.3,253.7,6.99,58.28,MEDIUM,4.53,POOR,YES,FAR,2,6.66,3.25,19.57,HIP,17.1,MEDIUM
2.46,259.01,18.2,13.78,HIGH,0.22,MODERATE,YES,MODERATE,2,6.56,5.14,14.39,FLAT,23.87,HIGH
17.68,247.25,18.15,18.59,MEDIUM,4.3,POOR,YES,FAR,8,5.96,4.65,28.67,FLAT,16.54,MEDIUM
40.61,148.21,0.12,71.18,LOW,9.93,GOOD,NO,MODERATE,10,3.79,0.13,22.29,FLAT,12.41,LOW
6.87,310.52,37.03,5.88,HIGH,1.44,MODERATE,NO,MODERATE,5,6.13,7.73,1.74,GABLE,20.02,HIGH
1.16,291.57,29.62,2.19,MEDIUM,1.01,MODERATE,NO,MODERATE,5,7.88,8.28,3.13,FLAT,22.7,HIGH
25.64,140.77,1.37,166.74,MEDIUM,11.1,GOOD,NO,MODERATE,9,5.28,0.89,14.18,FLAT,8.22,LOW
38.36,163.06,9.45,166.44,MEDIUM,2.66,GOOD,NO,MODERATE,8,3.79,1.55,31.62,HIP,12.6,LOW
34.21,211.83,3.99,59.48,LOW,11.17,GOOD,NO,FAR,5,5.07,1.58,20.55,HIP,10.69,LOW
19.34,214.54,18.77,69.38,LOW,2.89,MODERATE,YES,FAR,6,5.37,4.09,23.73,HIP,16.72,MEDIUM
9.36,217.18,12.66,34.76,MEDIUM,5.64,POOR,NO,FAR,3,5.56,1.72,28.72,HIP,18.72,MEDIUM
12.48,209.71,15.45,7.38,MEDIUM,6.9,MODERATE,NO,CLOSE,8,5.37,3.17,9.54,FLAT,18.17,MEDIUM
0.11,226.98,35.89,10.5,MEDIUM,0.61,POOR,YES,CLOSE,3,6.75,4.64,9.73,FLAT,23.41,HIGH
0.48,227.65,16.35,2.15,HIGH,0.86,POOR,NO,MODERATE,5,9.25,6.52,11.71,FLAT,19.37,HIGH
6.86,308.1,36.87,5.49,MEDIUM,0.1,MODERATE,NO,MODERATE,5,7.01,8.26,9.08,GABLE,25.69,HIGH
7.6,245.22,6.55,54.31,LOW,4.53,GOOD,YES,FAR,7,6.67,2.09,29.09,FLAT,14.53,MEDIUM
19.14,192.75,11.24,49.31,HIGH,2.27,GOOD,YES,FAR,2,7.02,4.52,23.18,GABLE,14.83,MEDIUM
9.69,245.4,15.69,55.32,MEDIUM,7.82,GOOD,NO,MODERATE,8,6.81,3.79,7.43,FLAT,16.84,MEDIUM
3.17,310.98,26.79,19.56,HIGH,0.64,POOR,YES,CLOSE,2,9.66,8.87,17.59,GABLE,27.47,HIGH
23.76,204.69,4.69,170.32,LOW,14.21,MODERATE,NO,MODERATE,7,5.45,1.01,20.47,HIP,13.72,LOW
47.75,151.33,3.12,101.96,LOW,11.38,GOOD,NO,FAR,10,5.3,0.9,11.68,HIP,13.67,LOW
21.43,193.18,1.66,130.28,MEDIUM,19.7,MODERATE,YES,MODERATE,8,5.91,0.86,10.26,GABLE,9.55,LOW
3.01,226.73,21.56,6.03,MEDIUM,1.02,POOR,NO,MODERATE,5,6.69,11.65,12.0,GABLE,26.13,HIGH
0.35,263.04,42.45,7.67,HIGH,1.71,POOR,YES,CLOSE,1,6.71,9.1,15.59,FLAT,23.9,HIGH
3.75,299.19,24.39,3.76,MEDIUM,0.86,POOR,YES,MODERATE,1,7.5,8.41,2.57,FLAT,24.0,HIGH
4.98,261.11,40.94,15.75,MEDIUM,0.07,POOR,YES,CLOSE,5,8.48,6.39,18.75,FLAT,23.45,HIGH
5.36,204.39,19.81,51.22,HIGH,5.36,GOOD,NO,MODERATE,3,6.4,1.62,23.21,GABLE,11.12,MEDIUM
5.9,259.76,15.67,11.98,MEDIUM,7.28,POOR,YES,FAR,4,5.6,3.99,19.52,HIP,11.34,MEDIUM
7.52,316.72,32.95,14.96,HIGH,0.06,MODERATE,NO,CLOSE,3,9.91,9.21,2.64,FLAT,24.97,HIGH
5.35,257.84,16.72,7.12,HIGH,1.62,POOR,YES,MODERATE,4,8.9,11.05,2.78,FLAT,28.43,HIGH
6.69,294.78,42.79,5.66,HIGH,1.25,POOR,NO,CLOSE,4,9.57,6.18,19.89,FLAT,24.67,HIGH
14.64,192.9,7.73,197.34,LOW,17.6,GOOD,NO,MODERATE,8,3.91,0.71,26.75,FLAT,14.56,LOW
3.93,231.61,41.85,14.43,MEDIUM,1.18,POOR,YES,MODERATE,3,6.92,4.44,4.56,FLAT,26.85,HIGH
3.18,277.25,39.25,2.0,MEDIUM,0.45,POOR,NO,MODERATE,3,6.67,6.05,19.39,FLAT,23.96,HIGH
7.08,228.73,26.72,3.58,HIGH,0.26,POOR,YES,MODERATE,2,7.99,10.94,10.41,FLAT,21.52,HIGH
4.49,291.02,37.66,2.74,HIGH,1.67,POOR,NO,CLOSE,1,9.29,6.07,11.7,GABLE,24.71,HIGH
9.3,230.54,7.17,17.57,LOW,3.95,POOR,YES,MODERATE,2,4.57,1.91,12.92,FLAT,17.1,MEDIUM
13.06,255.76,9.57,61.12,LOW,2.48,POOR,NO,MODERATE,3,4.77,4.34,9.86,GABLE,16.71,MEDIUM
27.49,183.41,4.16,57.23,LOW,9.01,MODERATE,YES,FAR,9,4.69,1.89,17.47,GABLE,13.97,LOW
0.6,274.06,24.23,10.68,HIGH,1.93,POOR,YES,CLOSE,1,7.35,9.63,8.11,FLAT,27.69,HIGH
6.19,284.44,42.51,7.95,MEDIUM,1.95,POOR,NO,CLOSE,4,6.66,7.13,13.84,GABLE,25.03,HIGH
19.17,171.34,6.46,161.08,LOW,10.91,GOOD,NO,MODERATE,4,4.82,1.96,34.67,GABLE,8.92,LOW
18.35,224.99,14.82,39.22,LOW,3.54,MODERATE,NO,CLOSE,4,5.96,3.48,16.83,HIP,13.63,MEDIUM
29.93,170.64,1.5,187.61,LOW,11.95,MODERATE,YES,MODERATE,6,4.3,0.83,28.01,GABLE,13.78,LOW
39.63,215.44,2.1,163.58,MEDIUM,3.24,GOOD,YES,MODERATE,5,5.08,0.48,26.47,FLAT,10.96,LOW
22.51,140.28,7.71,134.68,LOW,4.91,GOOD,YES,MODERATE,3,3.78,1.89,27.28,HIP,11.82,LOW
47.08,175.45,8.61,119.06,LOW,13.74,MODERATE,NO,FAR,6,3.92,0.97,15.34,GABLE,14.32,LOW
29.99,207.95,3.01,147.36,LOW,18.47,MODERATE,NO,MODERATE,5,4.47,0.51,18.26,HIP,14.46,LOW
9.14,211.95,15.04,35.41,MEDIUM,4.62,POOR,NO,MODERATE,6,5.0,4.32,27.88,FLAT,13.47,MEDIUM
18.51,179.99,4.34,161.19,MEDIUM,19.59,GOOD,YES,FAR,6,4.03,1.74,32.19,GABLE,9.9,LOW
9.23,182.49,11.48,49.26,LOW,5.98,GOOD,YES,CLOSE,6,4.74,1.69,8.48,HIP,13.85,MEDIUM
26.04,152.62,8.34,146.64,MEDIUM,19.71,MODERATE,YES,FAR,7,5.83,0.21,31.95,GABLE,8.81,LOW
10.55,194.03,16.74,22.71,MEDIUM,6.6,MODERATE,YES,MODERATE,3,6.08,4.29,25.94,FLAT,17.7,MEDIUM
5.9,245.11,12.15,52.24,HIGH,6.21,GOOD,YES,CLOSE,6,5.95,4.24,13.6,FLAT,11.21,MEDIUM
33.34,166.37,1.22,83.65,MEDIUM,18.94,GOOD,YES,FAR,7,5.0,0.7,24.45,HIP,9.08,LOW
18.83,204.39,12.35,60.83,MEDIUM,3.43,GOOD,YES,FAR,4,4.83,4.91,17.53,GABLE,16.26,MEDIUM
40.93,148.18,0.87,97.58,MEDIUM,11.99,GOOD,NO,FAR,4,4.38,0.19,24.95,GABLE,14.05,LOW
0.16,280.3,44.61,15.23,HIGH,0.97,POOR,NO,CLOSE,3,7.48,11.07,19.99,FLAT,29.29,HIGH
12.2,187.76,8.1,52.86,MEDIUM,4.31,MODERATE,YES,CLOSE,5,5.71,3.64,7.28,HIP,13.88,MEDIUM
12.1,198.08,8.37,124.39,MEDIUM,10.81,GOOD,NO,MODERATE,8,4.33,1.53,19.43,GABLE,14.09,LOW
2.07,291.36,38.03,12.98,HIGH,1.7,MODERATE,YES,CLOSE,4,7.91,9.75,5.21,GABLE,27.59,HIGH
7.36,273.24,24.49,7.84,HIGH,0.21,MODERATE,YES,MODERATE,2,9.91,7.1,1.49,FLAT,20.36,HIGH
17.36,211.77,6.53,43.36,LOW,4.93,POOR,YES,CLOSE,7,4.38,1.26,29.71,HIP,13.25,MEDIUM
17.36,258.49,5.13,55.17,HIGH,2.68,POOR,NO,MODERATE,7,7.1,2.53,24.91,GABLE,13.86,MEDIUM
38.35,188.81,1.92,64.37,MEDIUM,7.37,GOOD,NO,FAR,10,4.29,0.7,33.34,FLAT,9.91,LOW
21.42,147.74,2.9,89.15,MEDIUM,9.53,GOOD,NO,MODERATE,6,5.41,1.0,22.87,GABLE,14.15,LOW
34.47,168.16,0.74,103.11,LOW,3.02,GOOD,NO,FAR,9,4.66,1.11,29.8,HIP,11.15,LOW
44.35,196.94,9.27,134.79,LOW,11.16,GOOD,NO,FAR,6,5.48,0.05,23.85,GABLE,11.27,LOW
2.04,302.72,28.92,11.2,HIGH,0.87,POOR,YES,CLOSE,3,6.55,5.7,16.07,FLAT,25.73,HIGH
33.74,189.45,0.3,180.02,MEDIUM,7.21,GOOD,NO,FAR,9,4.24,0.15,11.5,GABLE,10.91,LOW
5.08,291.31,44.38,16.97,MEDIUM,1.18,MODERATE,NO,CLOSE,1,7.95,7.63,11.82,GABLE,20.78,HIGH
14.2,218.62,5.46,75.68,MEDIUM,5.25,GOOD,NO,MODERATE,2,5.16,4.9,15.23,HIP,17.22,MEDIUM
1.31,255.81,21.5,0.69,MEDIUM,1.09,POOR,NO,CLOSE,5,8.56,9.59,17.94,GABLE,26.28,HIGH
15.9,218.55,14.96,53.11,MEDIUM,6.87,POOR,NO,MODERATE,7,7.27,3.02,16.73,FLAT,18.69,MEDIUM
12.35,205.99,11.86,23.51,HIGH,6.43,POOR,YES,FAR,4,5.38,4.76,19.3,HIP,15.25,MEDIUM
15.33,254.71,19.79,26.54,LOW,2.82,POOR,YES,MODERATE,6,5.97,3.08,20.8,FLAT,18.08,MEDIUM
6.97,257.55,21.62,9.42,HIGH,0.16,POOR,YES,CLOSE,5,7.82,6.79,2.73,FLAT,25.58,HIGH
0.25,275.41,32.59,2.03,MEDIUM,1.32,POOR,YES,MODERATE,4,7.78,10.69,10.01,FLAT,22.48,HIGH
22.99,205.26,7.32,77.4,MEDIUM,15.91,GOOD,NO,MODERATE,5,5.96,1.04,20.34,GABLE,8.43,LOW
11.25,231.64,7.82,20.85,HIGH,6.19,POOR,YES,MODERATE,6,6.77,1.26,22.74,FLAT,11.36,MEDIUM
1.71,223.79,42.7,11.96,HIGH,1.49,POOR,YES,CLOSE,3,8.57,9.96,10.42,GABLE,25.78,HIGH
35.89,180.08,4.15,146.33,LOW,13.53,MODERATE,YES,FAR,7,3.71,0.16,33.02,HIP,11.75,LOW
26.33,175.93,5.98,124.8,MEDIUM,11.12,MODERATE,NO,FAR,8,5.25,1.62,24.85,HIP,8.77,LOW
12.48,205.28,19.71,60.89,MEDIUM,1.72,GOOD,NO,FAR,6,4.0,1.36,20.11,HIP,16.38,MEDIUM
1.02,310.24,37.16,8.91,HIGH,0.97,POOR,NO,CLOSE,2,7.18,10.55,7.83,GABLE,18.09,HIGH
17.42,189.76,16.52,23.67,HIGH,2.73,MODERATE,NO,CLOSE,7,6.7,3.08,29.55,FLAT,13.89,MEDIUM
17.22,194.63,11.01,77.17,LOW,6.85,POOR,YES,CLOSE,7,7.1,1.67,8.31,HIP,10.59,MEDIUM
18.67,231.79,14.02,5.63,LOW,5.26,GOOD,YES,CLOSE,5,6.98,2.84,10.46,FLAT,16.77,MEDIUM
3.56,267.08,23.37,3.23,HIGH,1.23,POOR,YES,CLOSE,5,8.97,4.93,13.43,FLAT,26.13,HIGH
14.74,198.49,10.71,78.25,MEDIUM,7.33,GOOD,NO,MODERATE,3,5.75,2.83,28.16,GABLE,10.4,MEDIUM
33.38,157.7,1.46,66.94,MEDIUM,12.42,GOOD,NO,FAR,6,4.32,0.76,30.83,GABLE,11.85,LOW
29.11,183.99,8.25,132.18,MEDIUM,4.14,GOOD,NO,MODERATE,8,4.89,0.73,13.61,FLAT,11.56,LOW
32.68,202.91,5.08,23.66,LOW,2.78,GOOD,NO,MODERATE,3,4.39,0.14,16.03,FLAT,12.4,LOW
7.75,308.58,21.28,1.63,HIGH,1.59,MODERATE,YES,CLOSE,5,7.55,11.0,15.02,GABLE,23.98,HIGH
19.95,197.55,17.7,64.8,LOW,7.55,MODERATE,NO,MODERATE,6,5.11,3.95,13.97,HIP,10.28,MEDIUM
12.32,251.01,11.61,9.75,LOW,1.09,POOR,NO,FAR,8,5.18,3.09,22.51,GABLE,14.33,MEDIUM
3.22,300.97,35.9,1.96,HIGH,0.52,MODERATE,YES,MODERATE,4,9.8,4.63,5.92,FLAT,18.19,HIGH
36.7,175.21,7.22,133.05,LOW,18.56,MODERATE,YES,MODERATE,6,3.72,0.2,28.81,FLAT,13.11,LOW
3.26,283.23,43.76,1.81,MEDIUM,1.71,POOR,YES,CLOSE,3,8.59,5.0,0.79,GABLE,25.93,HIGH
49.26,206.61,2.96,84.96,LOW,2.25,MODERATE,NO,MODERATE,3,5.94,1.11,27.44,HIP,12.47,LOW
4.0,242.45,21.09,18.92,HIGH,0.61,POOR,YES,CLOSE,4,9.43,8.6,19.9,GABLE,26.72,HIGH
7.55,225.19,43.16,8.65,HIGH,0.58,MODERATE,NO,CLOSE,4,7.45,9.95,17.68,FLAT,18.56,HIGH
0.23,317.05,40.77,4.18,MEDIUM,0.33,POOR,YES,MODERATE,5,6.76,6.06,9.27,GABLE,23.06,HIGH
16.97,205.0,5.79,30.77,MEDIUM,4.28,POOR,YES,FAR,7,5.16,2.41,29.44,FLAT,12.89,MEDIUM
37.42,157.14,1.32,188.39,MEDIUM,12.37,GOOD,NO,MODERATE,6,3.74,1.32,18.86,GABLE,11.27,LOW
6.79,298.71,40.21,10.72,HIGH,0.57,POOR,NO,CLOSE,2,8.5,11.64,14.35,FLAT,25.1,HIGH
2.26,276.64,30.93,8.54,HIGH,1.6,MODERATE,YES,MODERATE,3,7.73,8.09,4.0,GABLE,21.02,HIGH
6.07,251.15,12.51,70.06,HIGH,4.71,GOOD,NO,MODERATE,3,7.47,2.37,29.68,FLAT,11.43,MEDIUM
14.62,214.7,0.32,93.6,LOW,15.78,MODERATE,YES,MODERATE,8,5.98,0.76,31.74,GABLE,10.63,LOW
1.68,287.06,15.88,2.91,MEDIUM,1.89,MODERATE,YES,CLOSE,2,9.42,10.14,12.26,FLAT,19.19,HIGH
48.04,210.38,9.12,132.68,LOW,12.01,GOOD,NO,MODERATE,8,5.24,0.82,17.5,HIP,13.28,LOW
40.76,200.8,4.41,59.34,LOW,3.84,MODERATE,NO,MODERATE,3,4.62,0.7,30.42,GABLE,14.06,LOW
5.3,255.47,21.76,8.51,HIGH,1.54,MODERATE,NO,CLOSE,3,8.35,8.32,0.64,FLAT,19.84,HIGH
36.27,172.44,4.28,79.03,LOW,14.05,GOOD,NO,MODERATE,8,5.84,0.01,19.59,GABLE,13.28,LOW
38.65,170.6,0.39,104.72,LOW,16.7,GOOD,NO,MODERATE,6,4.06,1.32,19.96,GABLE,14.05,LOW
6.92,318.68,30.23,9.28,MEDIUM,1.34,POOR,YES,CLOSE,1,9.19,9.32,19.37,GABLE,23.97,HIGH
5.42,293.46,38.88,16.0,HIGH,1.26,POOR,NO,MODERATE,1,8.67,4.6,3.99,GABLE,19.21,HIGH
13.15,181.56,10.74,58.5,HIGH,4.81,GOOD,YES,FAR,6,5.13,2.08,5.65,HIP,12.19,MEDIUM
10.58,248.35,9.19,18.49,MEDIUM,7.85,POOR,NO,MODERATE,7,4.94,1.94,15.81,FLAT,11.96,MEDIUM
0.66,309.34,24.99,0.65,HIGH,1.52,MODERATE,NO,MODERATE,5,9.18,10.2,1.62,GABLE,26.83,HIGH
3.73,279.95,15.48,13.84,MEDIUM,1.85,MODERATE,YES,CLOSE,1,8.69,7.01,17.91,GABLE,27.15,HIGH
14.59,204.77,10.21,45.48,MEDIUM,4.09,GOOD,YES,CLOSE,3,5.06,1.0,25.38,GABLE,13.44,MEDIUM
29.78,155.42,1.13,49.25,LOW,13.67,MODERATE,NO,FAR,8,5.48,1.14,28.93,HIP,12.28,LOW
3.38,305.96,24.52,5.14,HIGH,1.96,MODERATE,YES,CLOSE,2,6.73,10.03,3.08,GABLE,26.14,HIGH
44.7,210.84,7.78,59.39,MEDIUM,11.32,GOOD,YES,FAR,4,4.64,1.6,26.69,FLAT,12.17,LOW
4.76,224.87,41.83,17.78,HIGH,0.41,MODERATE,YES,CLOSE,1,8.19,4.07,0.89,GABLE,24.88,HIGH
2.75,273.96,34.47,14.75,MEDIUM,1.75,MODERATE,YES,MODERATE,2,7.28,11.13,10.07,GABLE,21.33,HIGH
11.11,216.09,11.07,28.73,HIGH,5.71,POOR,NO,FAR,7,6.16,4.02,19.64,HIP,18.48,MEDIUM
35.94,203.95,7.1,75.94,LOW,11.94,GOOD,NO,FAR,10,5.87,1.3,13.85,FLAT,10.04,LOW
12.06,189.76,17.89,29.69,HIGH,4.67,POOR,NO,FAR,2,4.38,3.92,20.72,GABLE,14.84,MEDIUM
48.74,162.33,6.41,91.94,MEDIUM,7.96,GOOD,NO,MODERATE,5,4.95,1.97,10.96,FLAT,11.04,LOW
12.13,208.12,11.92,17.81,LOW,5.23,MODERATE,NO,CLOSE,8,6.5,1.43,18.9,GABLE,17.92,MEDIUM
4.01,317.09,33.51,7.06,HIGH,0.67,POOR,NO,CLOSE,2,9.35,6.47,14.84,FLAT,27.18,HIGH
38.81,173.24,4.82,105.0,LOW,11.92,GOOD,NO,FAR,4,4.19,1.58,20.37,FLAT,9.87,LOW
10.37,220.23,9.35,56.44,MEDIUM,2.97,GOOD,YES,CLOSE,8,6.31,2.9,18.34,GABLE,17.47,MEDIUM
15.25,191.71,5.93,63.83,MEDIUM,6.28,MODERATE,YES,CLOSE,2,6.16,3.7,19.05,GABLE,17.42,MEDIUM
29.28,167.0,8.8,70.09,LOW,6.54,GOOD,NO,FAR,3,6.0,0.7,26.25,FLAT,8.28,LOW
39.52,218.4,9.67,164.83,LOW,3.63,GOOD,NO,MODERATE,4,4.64,1.35,26.81,FLAT,10.67,LOW
33.72,149.55,6.73,29.48,LOW,16.48,GOOD,NO,FAR,10,5.67,1.55,17.77,HIP,11.87,LOW
20.03,150.98,2.56,79.06,LOW,10.95,GOOD,NO,FAR,9,4.83,0.46,23.97,FLAT,13.64,LOW
17.77,250.35,5.43,19.46,MEDIUM,6.86,MODERATE,NO,CLOSE,2,7.21,3.82,11.85,FLAT,15.05,MEDIUM
9.53,204.03,8.33,69.18,MEDIUM,6.4,POOR,YES,FAR,6,5.95,4.7,8.87,GABLE,14.6,MEDIUM
2.29,270.03,20.11,3.88,MEDIUM,1.15,MODERATE,NO,MODERATE,2,6.26,4.59,1.3,GABLE,29.2,HIGH
12.47,173.1,7.79,150.47,MEDIUM,18.29,GOOD,YES,FAR,9,3.92,0.54,16.71,HIP,8.44,LOW
20.19,180.99,3.45,39.96,MEDIUM,14.21,GOOD,YES,MODERATE,3,4.05,1.97,11.37,HIP,10.11,LOW
40.42,144.57,5.84,110.51,MEDIUM,4.83,MODERATE,NO,FAR,4,4.99,1.35,15.88,HIP,14.59,LOW
5.99,305.58,26.9,0.21,HIGH,1.43,POOR,YES,MODERATE,4,7.94,4.08,10.97,FLAT,26.56,HIGH
9.07,186.94,18.16,32.87,LOW,2.51,GOOD,NO,MODERATE,4,6.75,4.11,27.83,FLAT,15.06,MEDIUM
42.92,196.48,2.97,130.61,LOW,14.1,GOOD,NO,FAR,7,3.79,0.75,13.53,GABLE,10.93,LOW
3.04,248.81,40.37,2.97,HIGH,0.94,POOR,NO,CLOSE,5,7.14,11.77,16.79,FLAT,19.94,HIGH
48.25,164.16,7.23,22.06,MEDIUM,8.47,GOOD,NO,FAR,10,4.27,0.81,22.56,FLAT,13.39,LOW
16.14,244.7,11.19,69.01,MEDIUM,1.96,MODERATE,YES,FAR,5,4.95,3.49,9.69,GABLE,11.52,MEDIUM
40.78,204.16,8.26,157.13,MEDIUM,15.59,GOOD,YES,MODERATE,8,3.7,1.13,11.54,FLAT,14.32,LOW
39.3,202.22,1.64,75.99,MEDIUM,2.46,GOOD,YES,MODERATE,9,5.85,0.4,24.8,FLAT,9.7,LOW
5.04,282.36,26.62,18.0,HIGH,1.1,MODERATE,YES,MODERATE,3,8.58,10.86,14.14,GABLE,24.73,HIGH
39.7,193.87,9.84,37.72,LOW,15.11,GOOD,NO,FAR,6,4.84,0.28,14.59,GABLE,9.75,LOW
5.38,289.48,44.46,12.0,HIGH,1.71,MODERATE,YES,MODERATE,3,7.67,4.88,9.09,FLAT,23.95,HIGH
5.83,207.92,7.18,7.43,LOW,3.32,MODERATE,NO,MODERATE,5,7.48,1.65,12.11,HIP,16.92,MEDIUM
15.26,189.49,7.98,148.36,LOW,6.82,GOOD,YES,FAR,9,4.29,0.21,10.13,GABLE,11.11,LOW
15.77,196.14,8.53,137.16,MEDIUM,14.98,GOOD,NO,MODERATE,6,4.53,1.65,19.97,FLAT,8.67,LOW
5.01,253.43,8.02,14.79,MEDIUM,7.43,GOOD,NO,MODERATE,3,6.05,4.67,24.36,HIP,18.61,MEDIUM
4.48,237.85,15.64,16.86,HIGH,0.09,MODERATE,YES,CLOSE,1,7.35,5.29,9.12,GABLE,27.71,HIGH
13.39,188.19,13.14,46.2,LOW,1.99,POOR,YES,FAR,3,4.6,2.25,27.31,HIP,14.44,MEDIUM
25.36,174.35,7.91,64.6,MEDIUM,3.52,MODERATE,YES,MODERATE,3,5.62,1.32,17.54,FLAT,12.25,LOW
42.45,151.07,2.5,135.41,LOW,11.98,GOOD,YES,FAR,7,3.71,0.32,21.23,FLAT,9.03,LOW
38.23,191.1,9.41,86.16,LOW,5.94,GOOD,NO,FAR,10,5.37,1.21,20.4,FLAT,14.39,LOW
2.92,290.9,29.56,9.86,MEDIUM,1.74,POOR,YES,CLOSE,2,9.47,5.04,3.37,GABLE,24.76,HIGH
41.32,198.81,3.33,27.98,MEDIUM,8.09,MODERATE,NO,MODERATE,10,5.08,1.62,11.58,GABLE,8.26,LOW
25.96,212.14,6.45,30.9,LOW,5.42,GOOD,NO,FAR,6,5.1,1.19,10.53,GABLE,9.7,LOW
19.23,211.33,19.91,77.39,MEDIUM,2.27,GOOD,NO,FAR,6,4.36,2.98,13.28,GABLE,12.38,MEDIUM
7.8,208.98,15.76,13.87,MEDIUM,3.9,GOOD,NO,CLOSE,7,5.68,1.84,9.03,FLAT,10.22,MEDIUM
0.7,230.52,38.0,6.52,HIGH,0.37,POOR,NO,CLOSE,4,6.11,8.93,13.51,GABLE,22.57,HIGH
14.53,189.91,5.46,32.94,HIGH,2.24,GOOD,YES,CLOSE,3,6.93,2.03,25.77,GABLE,12.85,MEDIUM
8.04,242.39,13.77,16.66,MEDIUM,4.15,GOOD,YES,MODERATE,6,5.25,4.08,16.3,FLAT,12.65,MEDIUM
1.0,236.98,31.15,0.75,MEDIUM,1.73,MODERATE,NO,CLOSE,3,6.08,7.49,0.44,GABLE,22.53,HIGH
6.24,220.45,17.77,25.84,MEDIUM,5.31,GOOD,YES,MODERATE,7,4.39,1.7,19.79,GABLE,16.59,MEDIUM
40.46,209.78,2.89,26.74,LOW,12.22,GOOD,NO,MODERATE,10,5.97,1.09,22.35,HIP,13.96,LOW
3.77,252.18,26.22,13.89,MEDIUM,1.91,POOR,YES,MODERATE,4,8.55,10.22,12.99,FLAT,20.63,HIGH
15.07,198.76,9.28,10.24,MEDIUM,3.22,GOOD,YES,FAR,7,5.07,3.34,19.14,FLAT,18.08,MEDIUM
13.18,159.78,8.39,131.84,LOW,4.27,MODERATE,NO,FAR,10,5.25,1.53,14.19,FLAT,14.75,LOW
2.27,240.58,39.89,16.78,MEDIUM,0.92,MODERATE,NO,CLOSE,4,8.36,7.68,18.68,GABLE,23.24,HIGH
16.0,250.63,14.3,32.31,MEDIUM,3.24,MODERATE,YES,MODERATE,6,6.39,4.06,8.85,FLAT,13.23,MEDIUM
37.94,192.94,5.39,137.64,LOW,4.14,MODERATE,NO,FAR,6,5.59,1.51,34.46,GABLE,12.71,LOW
6.66,292.51,44.96,17.57,HIGH,1.24,POOR,NO,CLOSE,3,9.92,9.52,5.46,GABLE,22.1,HIGH
18.18,238.24,17.32,76.04,MEDIUM,4.14,GOOD,YES,MODERATE,3,6.91,3.4,24.87,GABLE,16.23,MEDIUM
19.38,193.49,9.7,63.92,HIGH,2.94,GOOD,NO,FAR,7,5.16,2.92,16.13,FLAT,14.87,MEDIUM
25.9,180.14,2.73,49.62,LOW,19.41,GOOD,YES,MODERATE,4,4.67,0.15,28.85,HIP,14.02,LOW
32.12,171.84,6.5,64.93,LOW,2.47,GOOD,NO,MODERATE,4,4.15,0.52,21.16,FLAT,10.0,LOW
18.01,257.05,7.98,48.19,MEDIUM,7.86,GOOD,YES,CLOSE,7,5.79,4.1,16.17,GABLE,13.81,MEDIUM
40.21,152.36,4.15,37.82,LOW,13.08,GOOD,NO,MODERATE,6,4.61,1.9,31.39,HIP,14.87,LOW
43.59,201.69,8.09,49.8,LOW,2.79,GOOD,YES,FAR,10,5.03,1.5,29.6,HIP,11.74,LOW
23.4,165.29,7.52,33.06,LOW,13.18,MODERATE,NO,FAR,6,4.76,0.26,18.73,HIP,14.15,LOW
12.31,148.6,1.34,67.61,LOW,15.75,GOOD,NO,MODERATE,3,4.93,0.39,23.83,HIP,10.7,LOW
43.71,186.6,1.48,42.94,LOW,8.56,GOOD,NO,FAR,6,5.17,0.71,24.0,GABLE,14.82,LOW
9.86,231.89,15.67,17.3,MEDIUM,1.64,POOR,YES,FAR,4,4.3,3.83,23.17,HIP,16.12,MEDIUM
3.22,289.5,44.33,14.83,HIGH,0.18,POOR,YES,CLOSE,5,9.38,6.94,4.66,GABLE,26.7,HIGH
18.38,216.59,13.84,42.81,HIGH,1.03,POOR,NO,FAR,5,6.94,2.93,17.71,GABLE,16.92,MEDIUM
5.82,255.92,18.9,70.16,LOW,1.1,POOR,NO,CLOSE,5,5.65,2.33,23.5,GABLE,12.04,MEDIUM
16.46,204.95,2.1,152.77,MEDIUM,8.31,MODERATE,YES,MODERATE,5,5.04,1.57,30.34,HIP,11.99,LOW
13.42,199.01,16.76,64.91,LOW,5.85,MODERATE,YES,CLOSE,5,7.35,4.9,12.82,HIP,10.54,MEDIUM
1.43,264.14,30.16,14.7,HIGH,1.65,POOR,YES,CLOSE,4,9.42,9.95,18.43,FLAT,24.63,HIGH
10.4,234.14,11.39,13.69,MEDIUM,1.07,MODERATE,NO,CLOSE,4,7.13,4.82,11.71,HIP,10.93,MEDIUM
5.04,258.06,27.84,19.84,HIGH,0.73,MODERATE,YES,CLOSE,2,8.59,8.54,18.21,FLAT,28.43,HIGH
17.31,215.7,3.04,108.67,LOW,6.23,MODERATE,NO,MODERATE,10,4.43,1.9,27.41,FLAT,10.93,LOW
12.47,238.47,15.68,25.19,LOW,1.23,MODERATE,YES,FAR,4,4.4,2.93,22.26,GABLE,17.3,MEDIUM
13.1,202.63,18.67,66.66,LOW,4.6,POOR,YES,CLOSE,2,5.04,3.61,13.01,GABLE,19.48,MEDIUM
7.88,298.2,31.13,8.48,MEDIUM,0.93,POOR,YES,MODERATE,3,8.61,4.92,1.2,GABLE,21.28,HIGH
5.99,296.85,40.36,3.81,MEDIUM,2.0,MODERATE,NO,MODERATE,3,6.03,6.05,16.45,GABLE,29.35,HIGH
40.48,214.06,2.37,49.25,LOW,17.87,GOOD,NO,MODERATE,9,5.51,1.73,30.27,GABLE,9.11,LOW
1.24,232.71,36.33,2.59,MEDIUM,1.05,MODERATE,YES,MODERATE,2,7.82,3.78,3.14,GABLE,29.06,HIGH
38.82,181.49,5.61,199.66,LOW,11.46,GOOD,NO,MODERATE,8,4.87,1.35,31.69,FLAT,12.5,LOW
36.3,142.0,2.75,60.18,MEDIUM,3.84,MODERATE,YES,FAR,9,3.58,0.19,15.82,FLAT,8.19,LOW
4.27,284.72,17.52,9.36,HIGH,1.82,POOR,YES,CLOSE,2,8.74,6.05,4.97,GABLE,21.55,HIGH
35.49,206.56,9.2,35.86,LOW,6.38,MODERATE,NO,FAR,9,5.68,1.49,15.54,HIP,8.53,LOW
16.95,247.96,9.42,52.55,LOW,5.74,POOR,YES,MODERATE,6,7.06,1.57,6.04,HIP,15.97,MEDIUM
46.56,210.57,3.02,177.4,LOW,3.68,GOOD,NO,FAR,8,5.16,1.3,11.29,FLAT,10.14,LOW
8.57,227.11,12.14,35.76,MEDIUM,5.21,MODERATE,NO,FAR,4,6.17,3.23,25.63,GABLE,11.85,MEDIUM
11.79,187.79,14.88,5.16,LOW,6.81,GOOD,YES,FAR,2,4.16,1.66,8.51,HIP,17.43,MEDIUM
16.04,199.7,6.07,63.26,LOW,5.79,POOR,NO,MODERATE,7,5.45,2.46,9.76,FLAT,15.94,MEDIUM
24.93,210.43,7.01,69.73,LOW,11.3,GOOD,NO,FAR,9,4.72,1.52,27.27,FLAT,12.98,LOW
7.51,281.05,16.13,3.6,HIGH,1.24,POOR,NO,CLOSE,3,7.68,8.24,3.84,FLAT,25.43,HIGH
27.71,197.39,1.01,158.74,LOW,19.36,GOOD,NO,MODERATE,10,5.13,1.51,17.18,GABLE,12.52,LOW
3.79,236.42,20.93,8.48,MEDIUM,0.54,POOR,NO,CLOSE,2,7.09,10.14,1.6,GABLE,22.78,HIGH
29.03,141.38,2.94,92.79,LOW,7.51,MODERATE,NO,MODERATE,8,4.56,1.49,18.27,FLAT,11.18,LOW
38.7,164.72,3.4,21.1,LOW,12.19,GOOD,NO,FAR,3,3.73,1.06,19.4,GABLE,10.39,LOW
19.66,203.29,8.86,76.81,LOW,11.28,MODERATE,NO,MODERATE,3,5.38,0.38,18.92,HIP,14.06,LOW
0.43,292.25,38.47,1.11,HIGH,0.66,POOR,YES,CLOSE,3,8.69,11.03,7.94,FLAT,20.83,HIGH
16.05,170.51,3.59,73.26,MEDIUM,7.31,MODERATE,NO,MODERATE,3,4.91,1.37,28.62,HIP,14.37,LOW
16.07,184.26,2.72,128.87,MEDIUM,8.17,MODERATE,YES,MODERATE,10,4.13,1.82,11.27,FLAT,10.97,LOW
0.99,274.57,29.25,4.93,HIGH,1.76,POOR,YES,CLOSE,3,9.29,3.68,19.34,FLAT,28.1,HIGH
35.33,187.65,9.69,78.75,MEDIUM,6.92,GOOD,NO,FAR,8,4.88,0.75,14.64,FLAT,12.62,LOW
6.94,232.99,21.17,8.64,MEDIUM,1.35,POOR,NO,MODERATE,3,8.35,7.77,13.7,GABLE,20.42,HIGH
9.63,236.41,12.86,15.14,MEDIUM,5.59,POOR,NO,CLOSE,2,5.95,4.79,7.96,FLAT,18.4,MEDIUM
15.68,207.8,6.04,165.28,MEDIUM,10.27,GOOD,NO,FAR,7,5.57,1.24,31.54,FLAT,9.35,LOW
3.61,279.82,16.46,7.55,HIGH,1.86,POOR,YES,CLOSE,1,6.06,3.74,0.29,FLAT,26.16,HIGH
7.99,238.83,18.09,20.51,MEDIUM,6.84,POOR,YES,MODERATE,8,4.37,4.68,21.9,HIP,14.93,MEDIUM
13.41,231.0,5.17,20.09,LOW,2.78,MODERATE,YES,CLOSE,6,5.92,4.07,7.85,FLAT,13.41,MEDIUM
0.22,268.7,15.19,3.59,HIGH,1.43,MODERATE,YES,CLOSE,4,8.77,5.25,12.8,GABLE,22.94,HIGH
6.19,272.0,35.33,19.86,HIGH,1.12,MODERATE,YES,CLOSE,1,7.64,7.96,13.71,GABLE,20.63,HIGH
24.61,149.96,3.68,180.11,MEDIUM,9.92,GOOD,NO,FAR,10,5.23,0.73,29.93,GABLE,13.61,LOW
2.93,275.47,19.27,8.81,MEDIUM,1.19,POOR,YES,CLOSE,2,6.79,4.98,17.71,FLAT,22.08,HIGH
0.44,230.78,38.79,10.27,HIGH,0.96,POOR,YES,CLOSE,3,8.67,9.91,15.65,FLAT,25.05,HIGH
6.83,224.98,33.54,12.01,HIGH,0.22,POOR,YES,MODERATE,1,6.06,7.97,15.47,GABLE,27.93,HIGH
10.56,228.72,15.87,74.8,HIGH,5.3,POOR,YES,FAR,6,4.2,4.09,9.38,FLAT,14.39,MEDIUM
2.4,272.44,28.64,7.37,HIGH,0.39,POOR,YES,CLOSE,1,6.52,7.06,14.86,GABLE,29.46,HIGH
13.92,242.98,7.66,39.15,LOW,7.52,MODERATE,YES,CLOSE,4,7.14,4.28,23.96,HIP,10.65,MEDIUM
10.13,235.53,7.6,55.22,HIGH,1.8,POOR,YES,CLOSE,6,4.34,2.78,12.7,FLAT,10.7,MEDIUM
12.58,213.27,13.06,11.9,MEDIUM,7.18,POOR,YES,CLOSE,4,5.03,4.8,20.46,FLAT,19.97,MEDIUM
7.51,256.5,13.07,5.55,MEDIUM,2.48,POOR,NO,FAR,5,6.92,1.82,25.72,HIP,17.75,MEDIUM
17.19,226.31,16.54,20.96,MEDIUM,4.86,POOR,YES,FAR,8,4.52,2.57,27.29,HIP,17.33,MEDIUM
5.86,274.77,24.8,13.9,HIGH,1.3,POOR,NO,CLOSE,2,6.01,5.2,6.11,FLAT,19.33,HIGH
16.88,178.02,5.5,67.71,MEDIUM,9.62,GOOD,YES,FAR,7,4.5,1.34,19.34,FLAT,11.16,LOW
10.58,230.42,14.67,48.67,LOW,7.42,MODERATE,NO,MODERATE,3,7.16,2.77,8.22,FLAT,11.23,MEDIUM
42.08,205.05,6.7,169.21,MEDIUM,19.95,MODERATE,NO,MODERATE,8,3.55,0.62,33.78,GABLE,14.63,LOW
14.7,255.18,16.2,16.53,HIGH,6.02,MODERATE,NO,MODERATE,2,4.62,2.01,6.76,GABLE,19.11,MEDIUM
48.1,211.31,6.13,149.47,MEDIUM,9.68,MODERATE,NO,FAR,10,4.63,1.5,31.0,GABLE,13.36,LOW
38.41,179.28,5.76,63.64,LOW,7.05,GOOD,NO,FAR,6,4.98,1.09,27.04,FLAT,8.19,LOW
34.56,163.3,2.31,147.25,MEDIUM,17.47,GOOD,YES,FAR,7,5.47,1.25,26.53,HIP,10.98,LOW
37.34,211.91,4.65,71.77,MEDIUM,4.84,GOOD,NO,MODERATE,9,5.23,0.91,17.55,GABLE,13.97,LOW
12.66,193.42,15.28,74.18,MEDIUM,2.61,GOOD,NO,MODERATE,2,4.71,4.44,17.61,FLAT,18.27,MEDIUM
47.85,167.01,7.63,107.95,MEDIUM,13.55,GOOD,NO,FAR,8,3.92,1.44,22.21,FLAT,14.93,LOW
5.14,281.15,20.1,19.4,HIGH,0.22,MODERATE,YES,CLOSE,5,7.89,7.43,0.29,GABLE,26.83,HIGH
11.59,250.75,16.61,26.44,MEDIUM,3.96,POOR,NO,FAR,6,7.16,2.85,21.15,GABLE,17.23,MEDIUM
7.8,207.81,15.99,25.65,MEDIUM,1.48,MODERATE,YES,CLOSE,8,4.92,2.47,5.02,HIP,15.06,MEDIUM
5.01,229.63,17.3,15.03,HIGH,1.6,POOR,YES,MODERATE,4,7.96,5.72,6.87,FLAT,29.43,HIGH
40.49,209.88,7.33,41.25,LOW,8.03,GOOD,NO,FAR,7,5.28,1.15,11.93,GABLE,11.58,LOW
0.6,315.87,17.9,16.71,MEDIUM,0.38,POOR,YES,CLOSE,5,6.43,6.28,11.24,FLAT,25.5,HIGH
2.05,252.73,32.38,17.84,MEDIUM,1.9,MODERATE,YES,CLOSE,1,6.16,7.5,15.37,FLAT,23.11,HIGH
14.04,151.94,5.63,74.69,LOW,4.13,GOOD,YES,FAR,9,4.63,0.89,31.5,GABLE,10.14,LOW
14.08,228.99,13.95,22.32,MEDIUM,3.51,POOR,YES,MODERATE,6,6.96,2.88,21.24,GABLE,18.52,MEDIUM
5.53,253.83,16.24,59.52,LOW,1.43,GOOD,NO,FAR,2,6.3,2.17,23.43,GABLE,12.87,MEDIUM
9.36,238.23,13.95,30.34,MEDIUM,3.4,GOOD,YES,MODERATE,3,7.32,4.67,15.08,GABLE,12.24,MEDIUM
13.66,204.97,18.38,29.07,MEDIUM,3.01,POOR,YES,CLOSE,7,4.41,1.6,11.84,GABLE,19.58,MEDIUM
14.08,194.19,18.52,49.99,MEDIUM,1.65,POOR,NO,FAR,6,6.9,4.59,24.37,HIP,14.31,MEDIUM
8.03,232.55,17.06,26.45,MEDIUM,6.49,POOR,NO,FAR,3,6.36,2.44,21.38,GABLE,10.87,MEDIUM
3.3,285.77,37.33,14.52,HIGH,1.26,MODERATE,YES,MODERATE,4,9.22,4.24,2.7,FLAT,19.34,HIGH
38.95,167.68,9.41,181.09,LOW,6.51,MODERATE,YES,MODERATE,5,5.06,1.23,12.34,FLAT,9.18,LOW
11.14,200.34,7.94,14.06,HIGH,2.51,MODERATE,YES,MODERATE,8,5.45,4.71,25.94,HIP,11.23,MEDIUM
8.31,184.04,15.97,34.47,HIGH,6.27,POOR,NO,MODERATE,5,5.01,2.58,8.3,GABLE,14.76,MEDIUM
12.5,234.88,10.08,77.72,MEDIUM,1.42,POOR,NO,FAR,6,6.77,1.5,10.82,HIP,17.89,MEDIUM
1.17,296.23,36.14,11.14,HIGH,0.21,POOR,YES,CLOSE,3,7.83,9.76,13.74,GABLE,20.71,HIGH
40.38,174.72,0.98,134.07,LOW,9.99,MODERATE,NO,FAR,3,4.31,0.11,18.96,GABLE,9.02,LOW
43.57,146.93,8.82,63.9,LOW,12.26,MODERATE,NO,MODERATE,3,4.74,0.65,22.19,GABLE,13.58,LOW
49.27,159.1,3.83,174.08,LOW,2.79,MODERATE,NO,MODERATE,9,5.97,1.58,26.3,HIP,11.47,LOW
38.32,191.99,8.52,173.42,MEDIUM,8.84,GOOD,YES,MODERATE,3,5.04,0.47,27.11,GABLE,14.98,LOW
27.24,145.3,9.13,122.09,MEDIUM,7.66,MODERATE,NO,MODERATE,10,3.86,0.28,28.62,FLAT,9.84,LOW
30.15,158.32,0.89,165.07,LOW,7.64,GOOD,NO,MODERATE,5,5.1,1.35,11.71,FLAT,8.06,LOW
2.7,226.28,33.76,0.56,HIGH,1.63,MODERATE,NO,CLOSE,3,6.99,7.53,19.18,FLAT,27.86,HIGH
7.53,269.07,28.08,16.88,HIGH,1.1,POOR,YES,MODERATE,4,6.48,8.05,19.83,GABLE,26.18,HIGH
4.95,250.32,36.53,4.69,HIGH,1.94,POOR,YES,CLOSE,5,6.84,5.17,16.42,GABLE,19.33,HIGH
29.36,144.62,4.62,165.24,MEDIUM,2.39,GOOD,NO,FAR,4,3.61,0.69,11.59,HIP,14.54,LOW
23.75,199.34,7.41,41.5,MEDIUM,4.47,GOOD,NO,MODERATE,8,4.81,1.57,28.02,HIP,10.6,LOW
5.39,236.18,28.78,11.41,MEDIUM,0.1,POOR,YES,CLOSE,4,6.74,10.91,12.54,FLAT,28.32,HIGH
9.15,232.49,19.28,53.86,MEDIUM,2.05,MODERATE,NO,FAR,5,6.31,3.72,23.03,HIP,14.97,MEDIUM
15.25,211.21,8.94,44.78,HIGH,1.08,GOOD,YES,FAR,4,7.37,3.73,6.03,HIP,16.37,MEDIUM
23.65,158.44,7.21,76.8,MEDIUM,11.65,MODERATE,NO,FAR,6,5.35,0.55,24.74,FLAT,12.18,LOW
7.48,259.51,27.84,4.65,HIGH,0.75,POOR,YES,CLOSE,3,6.05,5.31,4.4,GABLE,25.8,HIGH
16.18,223.85,8.94,34.89,HIGH,6.42,MODERATE,NO,CLOSE,6,4.69,2.58,19.28,HIP,16.16,MEDIUM
7.18,182.36,9.78,77.97,HIGH,3.12,POOR,YES,MODERATE,8,4.66,1.53,5.65,HIP,16.17,MEDIUM
7.37,283.88,35.8,9.33,HIGH,0.52,MODERATE,YES,MODERATE,4,6.82,5.07,19.8,GABLE,18.12,HIGH
3.62,287.16,17.62,10.24,HIGH,1.01,MODERATE,NO,MODERATE,1,9.63,6.57,2.96,GABLE,22.44,HIGH
15.65,217.23,8.48,21.78,LOW,7.39,GOOD,NO,FAR,7,5.16,4.44,13.12,FLAT,10.3,MEDIUM
1.49,258.05,24.18,5.66,MEDIUM,1.23,POOR,YES,CLOSE,4,6.78,11.29,0.08,GABLE,23.9,HIGH
36.06,182.45,1.94,159.72,LOW,15.09,MODERATE,NO,FAR,4,3.87,0.39,25.06,FLAT,8.53,LOW
10.98,239.9,10.13,46.59,MEDIUM,4.34,GOOD,NO,FAR,4,4.64,3.98,28.26,GABLE,14.99,MEDIUM
15.3,213.39,13.59,36.98,LOW,7.37,GOOD,YES,FAR,3,4.72,1.55,18.53,GABLE,18.63,MEDIUM
35.48,193.34,6.17,106.98,LOW,2.28,MODERATE,YES,MODERATE,3,3.54,1.44,23.39,GABLE,8.12,LOW
7.24,187.21,12.68,59.27,MEDIUM,7.33,POOR,NO,CLOSE,4,4.92,1.2,25.33,GABLE,18.52,MEDIUM
17.3,185.99,13.52,37.62,MEDIUM,2.66,GOOD,YES,CLOSE,7,6.91,2.31,16.32,GABLE,10.75,MEDIUM
31.0,143.62,1.37,79.95,LOW,11.35,GOOD,YES,FAR,8,5.83,0.64,19.82,FLAT,13.18,LOW
0.53,314.53,35.24,17.76,HIGH,0.8,POOR,NO,CLOSE,3,7.47,9.01,14.1,FLAT,19.66,HIGH
33.65,186.31,0.4,34.76,MEDIUM,12.51,MODERATE,NO,MODERATE,6,5.17,0.63,16.64,HIP,12.7,LOW
35.91,187.75,2.66,138.01,MEDIUM,12.4,MODERATE,NO,MODERATE,5,4.81,1.44,29.37,GABLE,9.03,LOW
17.3,193.91,19.28,69.1,MEDIUM,1.66,MODERATE,NO,MODERATE,2,4.22,4.12,10.56,GABLE,18.24,MEDIUM
18.25,198.62,9.36,19.52,MEDIUM,1.17,POOR,NO,FAR,8,4.73,3.46,15.37,GABLE,13.34,MEDIUM
8.75,237.2,14.69,67.13,MEDIUM,2.84,GOOD,NO,FAR,8,6.8,3.45,22.35,FLAT,12.85,MEDIUM
41.56,181.06,1.09,110.69,MEDIUM,2.78,MODERATE,YES,MODERATE,10,5.11,0.06,34.96,GABLE,10.98,LOW
15.95,201.22,9.22,22.82,MEDIUM,3.75,POOR,YES,MODERATE,2,5.26,2.71,12.36,HIP,16.25,MEDIUM
4.35,298.73,34.47,1.55,HIGH,1.79,MODERATE,YES,MODERATE,1,7.41,10.41,16.55,GABLE,22.64,HIGH
19.08,192.58,3.96,152.73,LOW,10.09,GOOD,NO,FAR,6,4.01,1.5,30.22,HIP,12.04,LOW
14.61,188.84,12.85,10.0,MEDIUM,2.25,MODERATE,NO,MODERATE,5,4.67,1.13,21.04,FLAT,16.58,MEDIUM
2.38,222.37,40.41,6.63,HIGH,0.45,POOR,NO,CLOSE,2,8.43,6.74,6.43,GABLE,25.56,HIGH
7.91,276.56,41.83,12.55,MEDIUM,1.7,POOR,YES,CLOSE,3,8.67,10.43,11.46,FLAT,26.57,HIGH
39.68,165.09,6.06,112.06,LOW,18.19,GOOD,NO,FAR,9,3.5,1.85,23.46,FLAT,14.58,LOW
6.59,295.78,15.36,13.08,HIGH,1.74,POOR,YES,MODERATE,2,7.9,7.88,15.72,GABLE,26.67,HIGH
2.31,289.93,39.45,7.37,MEDIUM,1.39,POOR,NO,CLOSE,2,6.01,8.92,18.84,GABLE,18.2,HIGH
16.82,209.29,2.5,148.05,LOW,15.71,MODERATE,NO,MODERATE,5,4.94,0.54,20.36,GABLE,8.53,LOW
2.26,228.01,38.38,9.83,MEDIUM,0.86,POOR,NO,CLOSE,1,9.3,9.44,10.13,GABLE,23.05,HIGH
27.98,215.23,6.77,182.5,MEDIUM,12.24,GOOD,YES,FAR,7,4.22,0.86,24.5,FLAT,10.26,LOW
14.74,208.94,0.42,23.37,LOW,17.52,MODERATE,NO,MODERATE,9,4.22,0.81,34.15,HIP,13.61,LOW
7.76,274.14,18.96,6.93,HIGH,1.49,POOR,YES,CLOSE,1,6.09,10.32,16.7,GABLE,22.94,HIGH
3.76,222.68,15.07,5.25,MEDIUM,1.68,POOR,YES,MODERATE,3,7.67,7.68,13.76,FLAT,18.34,HIGH
19.74,193.43,18.28,11.65,LOW,4.13,GOOD,NO,MODERATE,7,4.24,2.03,7.7,GABLE,10.48,MEDIUM
0.75,304.26,30.38,12.87,HIGH,1.86,POOR,YES,CLOSE,3,6.15,5.2,3.93,GABLE,21.0,HIGH
18.63,192.88,0.26,22.67,LOW,12.6,GOOD,NO,MODERATE,3,3.82,0.84,12.84,HIP,11.33,LOW
3.37,303.55,32.94,2.87,HIGH,0.98,MODERATE,YES,CLOSE,5,9.02,4.25,8.19,GABLE,22.97,HIGH
6.13,284.79,39.1,3.7,HIGH,1.41,POOR,YES,CLOSE,1,8.56,11.34,5.53,GABLE,26.31,HIGH
3.44,295.65,39.33,12.28,HIGH,1.28,POOR,YES,MODERATE,3,9.89,9.25,12.95,FLAT,29.17,HIGH
30.76,146.44,0.4,97.77,LOW,12.87,GOOD,NO,FAR,3,6.0,1.34,16.74,HIP,13.34,LOW
11.31,249.99,15.46,37.17,HIGH,6.53,GOOD,YES,FAR,8,6.59,4.05,22.42,GABLE,14.25,MEDIUM
1.67,261.45,20.46,17.53,MEDIUM,0.49,POOR,NO,MODERATE,5,8.51,11.21,19.48,FLAT,21.14,HIGH
15.87,229.28,5.44,18.17,LOW,6.84,POOR,YES,CLOSE,8,4.12,1.54,8.88,FLAT,18.92,MEDIUM
30.44,167.5,6.83,28.71,LOW,13.27,GOOD,NO,FAR,5,4.6,0.0,33.95,HIP,14.97,LOW
36.63,188.73,1.71,151.24,LOW,10.32,GOOD,YES,FAR,8,5.61,1.55,15.73,HIP,13.64,LOW
12.89,236.11,8.84,32.48,MEDIUM,1.09,MODERATE,YES,MODERATE,5,6.8,1.24,18.95,FLAT,18.22,MEDIUM
1.7,306.32,26.88,6.12,HIGH,1.16,POOR,YES,MODERATE,1,6.54,4.21,8.89,GABLE,20.76,HIGH
15.77,197.18,3.35,46.29,LOW,7.16,GOOD,YES,FAR,10,4.62,0.01,11.98,GABLE,9.51,LOW
12.99,212.07,11.2,51.57,MEDIUM,7.82,GOOD,NO,CLOSE,3,6.85,3.36,24.61,FLAT,15.67,MEDIUM
5.23,221.44,33.98,18.09,HIGH,0.94,POOR,NO,CLOSE,1,6.46,8.56,12.31,FLAT,27.65,HIGH
46.83,179.3,1.23,173.51,LOW,5.11,MODERATE,NO,FAR,8,5.17,1.42,23.75,GABLE,14.24,LOW
39.63,146.31,6.02,168.02,MEDIUM,7.29,GOOD,NO,MODERATE,7,4.27,1.21,20.65,FLAT,11.11,LOW
16.79,185.17,0.69,157.73,LOW,12.55,GOOD,NO,FAR,3,4.19,1.97,34.69,FLAT,9.75,LOW
6.04,278.6,29.79,15.05,HIGH,1.9,POOR,YES,CLOSE,4,8.21,4.06,0.58,FLAT,28.96,HIGH
14.8,181.58,15.35,36.26,HIGH,1.87,GOOD,YES,FAR,3,4.72,3.74,5.23,FLAT,16.62,MEDIUM
7.8,259.76,21.37,7.67,HIGH,1.49,POOR,YES,CLOSE,5,6.24,6.33,4.7,GABLE,29.96,HIGH
13.57,221.35,13.57,78.71,MEDIUM,1.84,GOOD,NO,MODERATE,3,6.83,1.5,15.58,HIP,14.35,MEDIUM
36.26,169.72,6.75,104.87,MEDIUM,17.92,MODERATE,NO,FAR,4,5.09,0.93,27.53,FLAT,10.86,LOW
8.82,241.27,18.65,11.29,HIGH,2.8,MODERATE,NO,FAR,6,4.41,1.03,21.36,HIP,18.04,MEDIUM
26.06,197.73,7.77,122.17,LOW,17.9,GOOD,NO,FAR,4,4.18,1.32,22.14,GABLE,10.9,LOW
8.73,230.03,7.68,61.19,HIGH,6.22,POOR,YES,FAR,5,6.46,2.71,7.6,GABLE,15.5,MEDIUM
10.8,193.03,13.58,77.37,MEDIUM,5.53,POOR,NO,CLOSE,7,5.43,1.08,24.51,HIP,10.09,MEDIUM
42.9,193.92,8.06,183.76,LOW,18.52,MODERATE,NO,FAR,6,5.05,0.5,18.86,GABLE,8.55,LOW
16.53,215.7,14.4,13.82,MEDIUM,7.72,MODERATE,YES,MODERATE,5,5.74,2.99,25.19,HIP,18.83,MEDIUM
7.76,295.42,44.82,13.34,MEDIUM,1.47,POOR,YES,MODERATE,1,8.93,11.15,2.79,FLAT,21.7,HIGH
40.01,155.76,4.31,190.8,LOW,13.22,MODERATE,NO,MODERATE,7,5.17,0.65,27.43,FLAT,8.89,LOW
3.47,301.15,44.47,13.57,HIGH,0.29,MODERATE,NO,MODERATE,2,7.29,11.7,4.26,FLAT,25.12,HIGH
1.39,225.85,24.59,17.57,HIGH,0.75,POOR,YES,CLOSE,4,8.54,11.62,0.97,GABLE,24.36,HIGH
7.63,253.03,33.9,12.06,MEDIUM,1.17,POOR,YES,CLOSE,4,6.25,6.78,9.5,GABLE,24.83,HIGH
5.85,297.72,15.56,9.95,MEDIUM,1.3,POOR,NO,CLOSE,3,6.61,6.3,7.83,FLAT,24.18,HIGH
4.21,244.76,24.84,11.65,HIGH,0.94,POOR,NO,CLOSE,4,6.33,4.03,17.77,GABLE,20.58,HIGH
35.57,204.33,3.3,80.25,MEDIUM,19.54,GOOD,NO,MODERATE,6,4.7,0.36,19.96,GABLE,10.04,LOW
46.33,191.71,3.09,99.35,MEDIUM,8.57,GOOD,NO,MODERATE,8,5.37,0.35,13.3,FLAT,14.14,LOW
35.6,188.77,7.4,190.57,LOW,13.26,GOOD,YES,FAR,5,4.1,1.1,13.91,GABLE,11.15,LOW
5.36,223.32,14.54,57.01,MEDIUM,7.66,MODERATE,YES,FAR,7,5.08,1.82,29.58,FLAT,14.92,MEDIUM
7.35,301.0,21.33,1.56,MEDIUM,0.56,MODERATE,YES,CLOSE,5,6.07,6.86,0.27,GABLE,23.52,HIGH
0.15,303.48,29.21,5.74,HIGH,0.22,POOR,NO,CLOSE,3,8.52,5.59,15.06,GABLE,27.45,HIGH
18.14,242.95,12.81,38.87,MEDIUM,7.14,MODERATE,YES,FAR,2,5.95,3.06,20.77,GABLE,11.9,MEDIUM
28.62,215.71,2.22,101.2,LOW,18.75,GOOD,NO,MODERATE,8,4.09,1.99,19.37,HIP,10.23,LOW
5.92,300.58,37.32,18.71,HIGH,0.33,POOR,YES,CLOSE,4,7.63,10.83,1.12,GABLE,26.4,HIGH
12.37,191.0,7.9,7.42,MEDIUM,7.48,GOOD,NO,FAR,7,7.46,4.03,6.65,FLAT,18.67,MEDIUM
2.16,270.37,42.91,17.56,HIGH,0.22,MODERATE,NO,CLOSE,2,7.04,6.16,19.57,GABLE,28.46,HIGH
14.56,187.52,4.46,140.96,LOW,6.41,GOOD,NO,MODERATE,6,4.85,1.51,29.4,HIP,11.53,LOW
7.42,263.78,28.71,16.83,HIGH,1.95,MODERATE,NO,CLOSE,5,6.17,4.4,12.6,FLAT,28.93,HIGH
19.06,183.2,18.93,49.77,LOW,4.43,POOR,YES,MODERATE,8,6.48,3.1,28.92,HIP,10.68,MEDIUM
43.94,213.56,9.81,116.14,LOW,12.65,MODERATE,NO,FAR,9,3.84,0.92,11.26,GABLE,10.29,LOW
4.76,315.12,40.11,3.08,HIGH,0.95,MODERATE,NO,CLOSE,4,8.51,5.79,13.16,GABLE,29.64,HIGH
5.33,237.96,20.47,7.86,HIGH,0.86,MODERATE,YES,CLOSE,5,8.9,9.94,9.0,GABLE,22.1,HIGH
18.73,259.22,13.74,50.86,HIGH,6.93,GOOD,NO,CLOSE,6,7.39,1.0,19.0,FLAT,11.1,MEDIUM
40.92,163.37,2.75,116.77,LOW,16.05,MODERATE,YES,MODERATE,4,4.93,0.54,23.58,GABLE,11.79,LOW
17.94,194.43,6.21,29.95,MEDIUM,3.19,MODERATE,NO,CLOSE,4,4.73,4.09,19.41,GABLE,14.9,MEDIUM
12.85,200.69,12.25,59.74,MEDIUM,5.87,POOR,NO,CLOSE,6,7.17,3.11,11.39,GABLE,12.84,MEDIUM
6.53,238.56,16.77,3.65,HIGH,0.56,POOR,YES,MODERATE,5,6.44,8.91,1.6,FLAT,22.53,HIGH
16.37,207.93,6.48,141.89,LOW,18.74,MODERATE,NO,FAR,5,4.33,0.85,21.55,GABLE,12.41,LOW
1.0,242.67,31.86,9.73,HIGH,1.58,POOR,NO,CLOSE,2,9.41,10.93,12.09,FLAT,26.48,HIGH
4.57,310.03,38.44,9.5,MEDIUM,1.68,POOR,YES,MODERATE,4,9.05,9.17,2.98,GABLE,19.07,HIGH
21.42,145.12,0.21,119.71,MEDIUM,5.96,GOOD,YES,FAR,6,3.67,0.06,18.26,FLAT,9.67,LOW
30.32,207.78,3.5,120.13,LOW,15.73,MODERATE,NO,MODERATE,3,5.02,1.32,27.34,HIP,9.26,LOW
1.06,222.49,42.93,15.37,HIGH,1.86,POOR,YES,MODERATE,5,9.9,6.32,14.11,GABLE,28.75,HIGH
4.31,281.44,38.07,8.67,MEDIUM,1.47,POOR,NO,CLOSE,3,7.85,5.54,14.93,GABLE,28.13,HIGH
13.18,210.01,13.25,60.84,LOW,7.73,GOOD,YES,MODERATE,7,4.12,2.14,5.41,GABLE,19.93,MEDIUM
1.36,312.27,16.62,7.28,HIGH,0.9,POOR,NO,CLOSE,1,6.42,3.95,10.75,FLAT,27.43,HIGH
2.38,239.22,25.32,4.64,HIGH,1.2,MODERATE,YES,MODERATE,4,6.52,5.99,14.23,GABLE,28.0,HIGH
48.38,181.92,8.39,33.38,MEDIUM,2.87,GOOD,NO,FAR,6,3.67,0.3,15.47,GABLE,10.61,LOW
5.12,196.05,13.46,27.79,MEDIUM,4.25,POOR,YES,MODERATE,7,7.15,4.04,11.13,GABLE,19.32,MEDIUM
13.05,206.81,16.76,36.05,MEDIUM,6.85,GOOD,YES,FAR,6,4.07,3.31,13.29,FLAT,10.66,MEDIUM
2.29,254.22,32.57,9.56,MEDIUM,1.53,POOR,YES,CLOSE,1,8.66,10.21,0.84,FLAT,24.27,HIGH
3.05,248.47,25.54,19.55,MEDIUM,0.22,MODERATE,YES,MODERATE,4,9.21,5.95,16.11,GABLE,26.74,HIGH
42.19,201.51,4.03,154.96,MEDIUM,18.85,GOOD,NO,MODERATE,8,4.95,1.74,31.18,HIP,13.12,LOW
18.66,181.52,4.42,70.07,MEDIUM,9.85,GOOD,NO,MODERATE,8,4.52,0.64,12.61,HIP,10.31,LOW
9.03,209.8,10.07,64.52,LOW,2.96,GOOD,NO,MODERATE,3,5.05,3.97,24.35,FLAT,12.69,MEDIUM
19.41,209.89,19.13,34.67,MEDIUM,3.36,GOOD,NO,MODERATE,7,7.32,4.17,29.02,HIP,13.17,MEDIUM
48.45,176.72,2.43,145.5,LOW,14.31,GOOD,YES,FAR,4,4.51,0.75,21.9,FLAT,8.07,LOW
18.02,249.58,8.4,53.96,MEDIUM,5.44,POOR,YES,MODERATE,4,5.84,2.28,19.12,FLAT,15.02,MEDIUM
13.41,180.18,5.9,176.55,LOW,3.79,GOOD,NO,FAR,9,5.68,1.94,11.87,GABLE,10.37,LOW
6.63,245.13,16.57,33.42,HIGH,5.51,MODERATE,NO,MODERATE,8,4.49,3.32,23.87,GABLE,17.57,MEDIUM
19.24,188.02,12.63,63.96,MEDIUM,2.13,POOR,NO,MODERATE,8,4.51,4.7,15.88,GABLE,12.63,MEDIUM
3.39,319.38,24.11,4.19,HIGH,2.0,POOR,YES,CLOSE,2,6.7,10.81,10.07,FLAT,22.05,HIGH
16.99,182.67,5.3,24.58,MEDIUM,1.52,MODERATE,YES,MODERATE,7,4.26,4.77,29.45,FLAT,15.94,MEDIUM
5.34,241.24,44.94,0.08,MEDIUM,0.4,POOR,YES,CLOSE,1,9.55,3.72,13.63,FLAT,22.73,HIGH
13.51,184.35,16.27,79.26,HIGH,5.51,MODERATE,YES,FAR,2,4.88,1.79,19.51,FLAT,13.57,MEDIUM
5.67,221.33,15.64,15.18,HIGH,0.65,MODERATE,YES,CLOSE,5,6.32,4.67,9.97,FLAT,19.82,HIGH
5.03,281.82,28.26,6.91,MEDIUM,0.84,POOR,YES,CLOSE,1,8.15,6.81,14.38,FLAT,24.25,HIGH
16.16,239.98,8.16,34.78,MEDIUM,1.45,GOOD,NO,MODERATE,8,5.39,4.06,7.08,FLAT,16.18,MEDIUM
2.69,239.25,18.08,11.9,HIGH,1.21,POOR,NO,CLOSE,5,7.03,7.08,14.49,GABLE,20.23,HIGH
48.23,173.52,7.48,118.3,MEDIUM,18.16,GOOD,NO,MODERATE,9,4.71,0.78,26.72,GABLE,13.07,LOW
19.94,212.56,3.03,183.62,LOW,18.87,MODERATE,NO,MODERATE,6,5.24,1.41,19.92,HIP,11.86,LOW
5.65,225.88,7.42,52.22,MEDIUM,7.24,MODERATE,NO,MODERATE,4,7.23,3.07,15.14,HIP,16.38,MEDIUM
41.47,170.45,5.34,84.67,LOW,8.47,GOOD,NO,FAR,10,5.4,0.64,15.08,GABLE,10.9,LOW
4.17,287.16,31.43,17.62,MEDIUM,1.42,POOR,NO,CLOSE,2,8.64,10.5,18.76,GABLE,29.25,HIGH
1.19,262.88,42.54,17.96,MEDIUM,1.6,POOR,YES,CLOSE,2,9.08,9.6,10.35,FLAT,19.02,HIGH
10.57,210.52,7.8,8.35,HIGH,4.26,MODERATE,YES,FAR,2,4.53,3.79,7.42,HIP,13.44,MEDIUM
19.35,250.09,17.2,48.12,HIGH,7.76,POOR,YES,MODERATE,8,5.19,4.1,22.04,HIP,18.62,MEDIUM
44.19,147.4,7.25,54.29,LOW,8.79,MODERATE,YES,FAR,4,3.97,1.52,28.11,FLAT,9.52,LOW
19.55,181.77,19.58,26.16,MEDIUM,6.01,POOR,NO,MODERATE,2,4.53,2.97,13.55,FLAT,17.86,MEDIUM
4.61,270.02,18.62,13.28,MEDIUM,1.9,MODERATE,YES,CLOSE,1,6.95,4.54,16.13,GABLE,27.99,HIGH
34.76,179.09,1.12,85.34,LOW,6.31,GOOD,YES,FAR,4,5.33,1.63,34.45,FLAT,13.36,LOW
7.44,281.03,20.35,9.84,HIGH,1.1,POOR,YES,MODERATE,1,9.65,9.58,2.07,FLAT,18.84,HIGH
35.09,202.5,0.35,32.1,MEDIUM,8.59,GOOD,YES,FAR,5,5.2,1.9,19.3,HIP,12.02,LOW
19.96,230.18,17.51,24.34,MEDIUM,1.61,POOR,YES,FAR,4,7.0,3.08,27.93,GABLE,17.87,MEDIUM
2.08,288.0,44.98,16.85,HIGH,1.19,MODERATE,YES,CLOSE,2,8.96,8.29,6.01,GABLE,26.38,HIGH
16.63,194.13,3.8,196.43,LOW,19.18,GOOD,NO,FAR,7,5.89,0.16,33.1,FLAT,9.8,LOW
7.24,247.26,10.09,33.14,MEDIUM,5.0,GOOD,NO,FAR,2,7.03,4.01,22.63,FLAT,17.1,MEDIUM
11.51,181.21,16.92,48.85,HIGH,6.52,MODERATE,NO,FAR,8,6.42,3.75,8.87,GABLE,12.49,MEDIUM
1.02,319.38,32.24,8.82,HIGH,0.41,MODERATE,NO,CLOSE,3,9.91,4.76,8.97,FLAT,24.4,HIGH
8.57,215.21,14.56,20.81,LOW,1.38,GOOD,NO,MODERATE,3,5.62,2.9,16.91,HIP,12.34,MEDIUM
26.85,190.74,8.35,142.59,LOW,7.58,GOOD,YES,FAR,3,4.11,1.85,12.9,FLAT,12.26,LOW
7.77,271.77,34.73,2.89,HIGH,1.04,MODERATE,YES,CLOSE,3,6.78,5.2,18.17,FLAT,22.1,HIGH
32.18,185.27,7.93,50.6,LOW,12.97,GOOD,YES,FAR,10,5.78,0.29,21.53,GABLE,11.22,LOW
12.01,249.67,19.02,46.14,MEDIUM,7.79,POOR,NO,FAR,6,5.6,4.0,26.93,FLAT,15.23,MEDIUM
19.56,191.99,5.45,59.68,MEDIUM,7.01,GOOD,NO,MODERATE,8,4.19,0.43,29.09,HIP,8.65,LOW
18.87,247.2,7.31,79.81,MEDIUM,1.94,MODERATE,NO,MODERATE,7,7.1,3.63,29.37,GABLE,10.85,MEDIUM
12.04,180.67,18.83,76.02,HIGH,3.1,GOOD,YES,FAR,3,6.79,3.19,9.71,HIP,14.37,MEDIUM
30.21,156.17,5.39,187.94,MEDIUM,6.89,GOOD,YES,FAR,6,3.63,1.81,15.64,HIP,8.37,LOW
6.99,237.97,11.89,58.53,MEDIUM,1.03,MODERATE,NO,CLOSE,5,7.11,1.41,24.15,HIP,13.12,MEDIUM
3.67,309.47,17.8,2.09,MEDIUM,0.4,MODERATE,NO,CLOSE,1,6.75,4.09,19.26,GABLE,20.47,HIGH
44.71,185.47,3.65,142.93,LOW,19.18,GOOD,NO,FAR,3,4.16,0.08,11.51,GABLE,11.55,LOW
16.84,229.44,5.8,54.11,MEDIUM,1.47,POOR,YES,FAR,8,7.2,2.44,7.7,FLAT,18.67,MEDIUM
5.9,295.25,42.73,17.39,HIGH,1.29,POOR,YES,CLOSE,2,9.72,6.88,6.16,FLAT,27.8,HIGH
29.7,181.39,1.28,169.23,MEDIUM,13.52,GOOD,NO,MODERATE,3,5.58,1.04,17.6,HIP,10.26,LOW
48.15,190.24,4.64,121.47,MEDIUM,10.08,MODERATE,YES,MODERATE,8,3.88,0.14,21.06,GABLE,13.57,LOW
12.24,209.62,13.32,24.03,LOW,5.04,POOR,YES,FAR,3,6.99,3.64,23.7,FLAT,17.83,MEDIUM
2.95,224.58,39.23,6.51,HIGH,0.51,POOR,YES,MODERATE,5,9.18,6.46,18.78,GABLE,29.84,HIGH
15.11,251.51,13.01,70.81,HIGH,6.66,POOR,NO,MODERATE,5,4.51,3.68,10.0,GABLE,19.84,MEDIUM
14.35,221.8,11.29,36.08,MEDIUM,4.97,POOR,NO,MODERATE,6,6.73,4.14,26.69,FLAT,18.78,MEDIUM
9.43,252.55,11.07,60.25,MEDIUM,3.4,POOR,NO,FAR,6,6.23,2.9,28.52,FLAT,15.07,MEDIUM
6.54,242.24,40.7,2.85,HIGH,0.65,POOR,YES,CLOSE,4,8.76,10.16,1.55,GABLE,27.09,HIGH
14.63,213.27,11.84,64.17,HIGH,5.36,GOOD,YES,FAR,8,5.58,2.42,9.64,HIP,10.07,MEDIUM
14.91,216.24,9.37,51.17,HIGH,2.37,POOR,YES,CLOSE,6,6.78,3.72,27.96,FLAT,17.18,MEDIUM
18.18,251.23,17.22,7.21,LOW,2.58,GOOD,YES,FAR,3,4.31,2.53,29.02,HIP,18.73,MEDIUM
40.32,206.63,9.03,159.63,LOW,12.93,GOOD,NO,FAR,7,5.19,1.44,26.48,HIP,12.4,LOW
8.96,232.38,13.58,40.48,MEDIUM,2.93,MODERATE,YES,MODERATE,5,7.11,2.33,10.94,HIP,14.75,MEDIUM
18.49,236.23,17.29,12.15,LOW,1.26,POOR,YES,MODERATE,8,4.2,4.08,13.7,FLAT,14.17,MEDIUM
31.91,188.78,3.64,185.23,LOW,9.36,GOOD,YES,FAR,8,3.66,0.19,26.96,GABLE,9.76,LOW
0.58,221.9,32.29,11.07,HIGH,1.79,POOR,YES,CLOSE,4,8.49,8.99,8.97,GABLE,18.25,HIGH
1.19,224.41,18.83,11.69,MEDIUM,1.92,POOR,YES,MODERATE,5,9.1,4.75,6.17,GABLE,21.49,HIGH
19.68,182.93,1.65,173.81,LOW,4.09,GOOD,YES,MODERATE,4,5.75,0.89,11.39,HIP,11.59,LOW
37.87,142.53,9.48,39.78,LOW,9.94,GOOD,NO,MODERATE,6,4.53,1.55,33.01,FLAT,13.09,LOW
7.39,283.67,28.2,3.78,HIGH,0.5,POOR,YES,CLOSE,2,8.82,7.21,19.9,GABLE,18.49,HIGH
7.0,213.02,15.5,61.13,LOW,6.9,POOR,YES,FAR,7,7.27,3.53,10.02,HIP,17.14,MEDIUM
13.12,257.66,13.85,46.52,HIGH,6.73,GOOD,YES,FAR,3,5.67,1.32,27.57,HIP,10.35,MEDIUM
11.82,183.71,19.71,29.31,LOW,6.84,GOOD,NO,CLOSE,7,5.32,3.35,27.46,GABLE,15.17,MEDIUM
12.9,248.75,16.26,25.96,MEDIUM,4.66,POOR,NO,MODERATE,5,6.21,3.65,21.72,HIP,16.34,MEDIUM
16.91,184.66,14.25,44.68,MEDIUM,6.84,MODERATE,NO,FAR,2,4.35,1.92,14.63,GABLE,15.26,MEDIUM
28.52,173.69,4.84,33.85,LOW,19.0,MODERATE,YES,MODERATE,6,4.64,0.27,10.17,GABLE,10.33,LOW
28.79,194.05,5.11,162.87,MEDIUM,5.05,GOOD,NO,MODERATE,4,5.55,1.5,26.82,HIP,13.65,LOW
4.68,302.33,15.39,10.36,HIGH,1.57,POOR,YES,CLOSE,1,6.87,7.78,16.63,FLAT,23.01,HIGH
28.99,198.15,9.12,130.67,LOW,6.94,GOOD,NO,MODERATE,8,4.78,1.5,14.0,HIP,9.0,LOW
42.77,192.15,3.22,105.61,LOW,19.24,GOOD,NO,MODERATE,4,4.76,0.35,16.19,GABLE,14.94,LOW
42.38,182.95,3.66,55.47,LOW,6.72,GOOD,YES,MODERATE,9,5.03,1.17,18.7,GABLE,12.32,LOW
15.61,224.96,18.34,51.03,LOW,2.56,POOR,NO,CLOSE,4,6.57,2.18,9.44,GABLE,19.49,MEDIUM
19.6,208.63,11.15,17.03,HIGH,7.37,POOR,YES,CLOSE,3,4.01,3.69,27.67,HIP,16.69,MEDIUM
19.77,196.9,5.33,42.85,MEDIUM,3.57,POOR,NO,CLOSE,7,4.9,3.14,6.21,GABLE,16.62,MEDIUM
5.32,314.12,44.31,19.95,HIGH,1.76,POOR,YES,CLOSE,2,9.18,5.13,7.56,GABLE,21.82,HIGH
6.43,293.59,42.65,18.07,MEDIUM,0.31,MODERATE,YES,CLOSE,5,6.8,7.29,7.76,GABLE,24.76,HIGH
29.65,167.22,1.44,175.07,LOW,15.22,GOOD,NO,FAR,8,4.79,0.21,16.04,HIP,9.87,LOW
0.95,245.07,29.92,12.57,HIGH,0.11,MODERATE,YES,CLOSE,4,8.71,11.76,7.65,GABLE,19.83,HIGH
